english,chinese,category
Vodka,伏特加,基酒
Gin,金酒,基酒
Rum,朗姆酒,基酒
Light Rum,白朗姆酒,基酒
Dark Rum,黑朗姆酒,基酒
Spiced Rum,香料朗姆酒,基酒
Tequila,龙舌兰,基酒
Whiskey,威士忌,基酒
Bourbon,波本威士忌,基酒
Scotch,苏格兰威士忌,基酒
Brandy,白兰地,基酒
Cognac,干邑,基酒
Absinthe,苦艾酒,基酒
Pisco,皮斯科,基酒
Mezcal,梅斯卡尔,基酒

Triple Sec,橙味利口酒,利口酒
Cointreau,君度橙酒,利口酒
Grand Marnier,大玛尼橙酒,利口酒
Baileys Irish Cream,百利甜,利口酒
Kahlua,咖啡利口酒,利口酒
Amaretto,杏仁利口酒,利口酒
Campari,金巴利,利口酒
Aperol,阿佩罗,利口酒
Frangelico,榛子利口酒,利口酒
Midori Melon Liqueur,蜜瓜利口酒,利口酒
Blue Curacao,蓝橙利口酒,利口酒
Peach Schnapps,桃子利口酒,利口酒

Lemon Juice,柠檬汁,果汁
Lime Juice,青柠汁,果汁
Orange Juice,橙汁,果汁
Pineapple Juice,菠萝汁,果汁
Cranberry Juice,蔓越莓汁,果汁
Grapefruit Juice,葡萄柚汁,果汁
Apple Juice,苹果汁,果汁
Tomato Juice,番茄汁,果汁
Mango Juice,芒果汁,果汁

Lemon,柠檬,水果
Lime,青柠,水果
Orange,橙子,水果
Strawberry,草莓,水果
Pineapple,菠萝,水果
Apple,苹果,水果
Banana,香蕉,水果
Coconut,椰子,水果
Mango,芒果,水果
Watermelon,西瓜,水果

Simple Syrup,糖浆,糖浆
Sugar Syrup,糖浆,糖浆
Honey,蜂蜜,糖浆
Grenadine,石榴糖浆,糖浆
Maple Syrup,枫糖浆,糖浆
Agave Syrup,龙舌兰糖浆,糖浆
Chocolate Syrup,巧克力糖浆,糖浆
Orgeat Syrup,杏仁糖浆,糖浆

Angostura Bitters,安格仕苦精,苦精
Orange Bitters,橙味苦精,苦精
Peychaud's Bitters,佩乔苦精,苦精

Soda Water,苏打水,调和饮料
Tonic Water,汤力水,调和饮料
Cola,可乐,调和饮料
Lemonade,柠檬汽水,调和饮料
Ginger Beer,姜汁啤酒,调和饮料
Ginger Ale,姜汁汽水,调和饮料
Sprite,雪碧,调和饮料
Club Soda,气泡水,调和饮料
Milk,牛奶,调和饮料
Cream,奶油,调和饮料
Coffee,咖啡,调和饮料
Tea,茶,调和饮料

Mint,薄荷,装饰
Cherry,樱桃,装饰
Cucumber,黄瓜,装饰
Lemon Peel,柠檬皮,装饰
Orange Peel,橙皮,装饰

Ice,冰块,其他
Water,水,其他
Egg,鸡蛋,其他
Egg White,蛋清,其他
Salt,盐,其他
Sugar,糖,其他
151 proof rum,151度朗姆酒,基酒
7-Up,七喜,调和饮料
Absolut Citron,绝对柠檬伏特加,基酒
Absolut Kurant,绝对黑加仑伏特加,基酒
Absolut Vodka,绝对伏特加,基酒
Advocaat,蛋黄利口酒,利口酒
Ale,艾尔啤酒,调和饮料
Añejo rum,陈年朗姆酒,基酒
Angelica root,当归根,其他
Apple brandy,苹果白兰地,基酒
Apple cider,苹果西打,调和饮料
Applejack,苹果白兰地酒,基酒
Apricot brandy,杏子白兰地,利口酒
Bacardi Limon,百加得柠檬朗姆,基酒
Banana liqueur,香蕉利口酒,利口酒
Beer,啤酒,调和饮料
Berries,混合莓果,装饰
Bitters,苦精,苦精
Black Sambuca,黑色萨姆布卡,利口酒
Blackberry brandy,黑莓白兰地,利口酒
Blended Scotch,调和苏格兰威士忌,基酒
Blended whiskey,调和威士忌,基酒
Cachaca,卡莎萨,基酒
Cantaloupe,哈密瓜,装饰
Carbonated water,碳酸水,调和饮料
Chambord raspberry liqueur,香波堡覆盆子利口酒,利口酒
Champagne,香槟,调和饮料
Cherry brandy,樱桃白兰地,利口酒
Cherry Heering,海灵樱桃利口酒,利口酒
Cherry Juice,樱桃汁,果汁
Chocolate,巧克力,其他
Chocolate ice-cream,巧克力冰淇淋,其他
Chocolate liqueur,巧克力利口酒,利口酒
Cider,西打酒,调和饮料
Coca-Cola,可口可乐,调和饮料
Cocoa powder,可可粉,其他
Coconut Liqueur,椰子利口酒,利口酒
Coconut rum,椰子朗姆酒,基酒
Coffee brandy,咖啡白兰地,利口酒
Coffee liqueur,咖啡利口酒,利口酒
Corona,科罗娜啤酒,调和饮料
Cranberries,蔓越莓,装饰
Cranberry vodka,蔓越莓伏特加,基酒
Creme de Cacao,可可甜酒,利口酒
Creme de Cassis,黑加仑甜酒,利口酒
Crown Royal,皇冠威士忌,基酒
demerara Sugar,德梅拉拉蔗糖,糖浆
Dry Vermouth,干味美思,利口酒
Dubonnet Rouge,杜本内红,利口酒
Egg yolk,蛋黄,其他
Elderflower cordial,接骨木花糖浆,糖浆
Espresso,浓缩咖啡,调和饮料
Everclear,Everclear高浓度酒精,基酒
Firewater,火水烈酒,基酒
Fruit punch,水果宾治,调和饮料
Galliano,加利安诺香草利口酒,利口酒
Ginger,姜,其他
Godiva liqueur,歌帝梵巧克力利口酒,利口酒
Gold rum,金朗姆酒,基酒
Goldschlager,金箔肉桂利口酒,利口酒
Grape juice,葡萄汁,果汁
Grape Soda,葡萄汽水,调和饮料
Grapes,葡萄,装饰
Green Chartreuse,绿查特酒,利口酒
Green Creme de Menthe,绿色薄荷甜酒,利口酒
Guinness stout,健力士黑啤,调和饮料
Heavy cream,稠奶油,调和饮料
Hot Chocolate,热巧克力,调和饮料
Hot Damn,Hot Damn肉桂利口酒,利口酒
Hpnotiq,蓝色魅惑利口酒,利口酒
Irish cream,爱尔兰奶油利口酒,利口酒
Irish whiskey,爱尔兰威士忌,基酒
Jack Daniels,杰克丹尼威士忌,基酒
Jägermeister,野格利口酒,利口酒
Jim Beam,占边波本威士忌,基酒
Johnnie Walker,尊尼获加威士忌,基酒
Kiwi,猕猴桃,装饰


